Workbook

Sheet Instructions
A1: Update Data Entry Tab
A3: "Reporting Date" is always the current month
A5: Distribution Date: four business days following the 11th (for the reporting month)
A6: If the 11th falls on a weekend or a holiday, the determination date is the next business day
A8: Distribution Date: four business days following the 6th (for the reporting month)
A9: If the 6th falls on a weekend or a holiday, the determination date is the next business day
A11: Print all pages to a PDF document
A13: Send to Mike Heagerty for signatures
A15: When signed documents are received, extract individual files and rename each doc to pool names
A17: Email 10-Ds to Lender on Distribution Dates, copying Chelsea and LeAnn, saving a copy to each pool CREFC folder
A19: Set a calendar reminder to do this after 2nd batch of 10-Ds are emailed to the lenders.
A20: Day after the second Distribution Date.
A22: Only update green fields

Sheet Data Entry
A2: Reporting Date | B2: 3/1/2026-3/31/2026
A3: Distribution Date: | B3: 46124 | C3: Determination date is the 6th
A4: Distribution Date: | B4: 46129 | C4: Determination date is the 11th
A5: Signature Date | B5: =B3 -> 46124 | C5: Determination date is the 6th
A6: Signature Date | B6: =B4 -> 46129 | C6: Determination date is the 11th
A7: Signer | B7: Michael Heagerty
A8: Title | B8: Principal
A12: CMSAs due by the 6th
A13: 2016-C1 CGCMT | B13: 7476
A14: 2016-C5 | B14: 7373
A15: 2016-C6 | B15: 7515
A16: 2017-GS7 GSMS | B16: 7851
A17: 2017-GS8 GSMS | B17: 7794
A18: 2019-GC38 GSMS | B18: 8185
A25: CMSAs due by 11th
A26: 2016-C2 | B26: 7402
A27: 2016-C31 | B27: 7595-G; 7594-W
A28: 2016-C35 | B28: 7426
A29: 2016-JP4 | B29: 7718
A30: 2016-LC24 | B30: 7427
A31: 2017-BNK3 | B31: 7762-BD; 7604-P
A32: 2017-RB1 | B32: 7685
A33: 2017-JP7 JPMCC | B33: 7892
A34: 2017-BNK7 BANK | B34: 7944-S; 7943-St
A35: 2017-C42 WFCM | B35: 8143
A36: 2019-BNK16 BANK | B36: 8570
A37: 2019-C4 BBCMS | B37: 8823 | D37: no reserve
A38: 2019-BNK23 BANK | B38: 8892
A39: 2019-BNK24 BANK | B39: 8960
A40: 2021-BNK34 BANK | B40: 10364
A41: 2021-BNK35 BANK | B41: 10359
A42: 2021-BNK38 BANK | B42: 10554
A43: 2022-BNK43 BANK | B43: 10838
A44: 2025-C64 WFCM | B44: 12899
A45: 2025-C12 BMO | B45: 12887
A46: 2025-5YR15 BANK5 | B46: 12883
A47: 2025-5C2 MSBAM | B47: 13333-Euless, 13335-Pearland
A48: 2025-5YR18 BANK5 | B48: 13430

Sheet 2016-C1 CGCMT
B2: Form 10-D Information Report
B4: Pool Name: CGCMT 2016-C1
B5: ="Reporting Date: " &('Data Entry'!$B$2) -> Reporting Date: 3/1/2026-3/31/2026
B8: Identifying Information for this Report:
B10: Date of Submission: | D10: ='Data Entry'!$B$3 -> 46124
B11: Depositor: | D11: Citigroup Commercial Mortgage Securities, Inc.
B12: Trust: | D12: 2016-C1
B13: Pooling and Servicing Agreement: | D13: Pooling and Servicing Agreement dated as of May 1, 2016, among Citigroup Commercial Mortgage Securities, Inc. as Depositor, Wells Fargo Bank, N.A. as Master Servicer, LNR Partners, LLC as Special Servicer, Park Bridge Lender Services, LLC as Operating Advisor and Asset Representations Reviewer, Citibank, N.A. as Certificate Administrator and Deutsche Bank Trust Company Americas as Trustee.
B14: Subservicing Agreement | D14: Subservicing Agreement dated as of May 1, 2016, between Wells Fargo Bank, N.A., as Master Servicer, and NRC Group, Inc., as Subservicer.
B15: Master Servicer: | D15: Trimont LLC
B16: Subservicer: | D16: NRC Group, Inc.
B19: Pursuant to Section 11.07 of the Pooling and Servicing agreement dated May 1, 2016 for CGCMT 2016-C1, NRC Group, Inc. as Subservicer certifies to Trimont LLC as Master Servicer during the above-referenced time period that there are no items to report in relation to the Subservicer and to the mortgage loans serviced by Subservicer in relation to the specified pool.
B22: SIGNATURES
B23: Pursuant to the requirements of the Securities Exchange Act of 1934, the registrant has duly caused this report to be signed on its behalf by the undersigned thereunto duly authorized.
B27: ="Date: " & " " &TEXT('Data Entry'!$B$5, "MMMM DD, YYY") -> Date: April 12, 2026 | D27: By: NRC Group, Inc., a California corporation
D30: ='Data Entry'!$B$7 -> Michael Heagerty
D31: ='Data Entry'!$B$8 -> Principal

Sheet 2017-GS7 GSMS
B2: Form 10-D Information Report
B4: Pool Name: GSMS 2017-GS7
B5: ="Reporting Date: " &('Data Entry'!$B$2) -> Reporting Date: 3/1/2026-3/31/2026
B8: Identifying Information for this Report:
B10: Date of Submission: | D10: ='Data Entry'!$B$3 -> 46124
B11: Depositor: | D11: GS Mortgage Securities Corporation II
B12: Trust: | D12: 2017-GS7
B13: Pooling and Servicing Agreement: | D13: August 1, 2017, among GS Mortgage Securities Corporation II as Depositor, Wells Fargo Bank, N.A. as Master Servicer, Rialto Capital Advisors, LLC as Special Servicer, Wells Fargo Bank, N.A., as Certificate Administrator, Wilmington Trust, N.A. as Trustee and Park Bridge Lender Services LLC as Operating Advisor and as Asset Representations Reviewer.
B14: Subservicing Agreement | D14: Subservicing Agreement dated as of August 1, 2017, between Wells Fargo Bank, N.A., as Master Servicer, and NRC Group, Inc., as Subservicer.
B15: Master Servicer: | D15: Trimont LLC
B16: Subservicer: | D16: NRC Group, Inc.
B19: Pursuant to Section 11.04 of the Pooling and Servicing agreement dated August 1, 2017 for GSMS 2017-GS7, NRC Group, Inc. as Subservicer certifies to Trimont LLC as Master Servicer during the above-referenced time period that there are no items to report in relation to the Subservicer and to the mortgage loans serviced by Subservicer in relation to the specified pool.
B22: SIGNATURES
B23: Pursuant to the requirements of the Securities Exchange Act of 1934, the registrant has duly caused this report to be signed on its behalf by the undersigned thereunto duly authorized.
B27: ="Date: " & " " &TEXT('Data Entry'!$B$5, "MMMM DD, YYY") -> Date: April 12, 2026 | D27: By: NRC Group, Inc., a California corporation
D30: ='Data Entry'!$B$7 -> Michael Heagerty
D31: ='Data Entry'!$B$8 -> Principal

Sheet 2017-GS8 GSMS
B2: Form 10-D Information Report
B4: Pool Name: GSMS 2017-GS8
B5: ="Reporting Date: " &('Data Entry'!$B$2) -> Reporting Date: 3/1/2026-3/31/2026
B8: Identifying Information for this Report:
B10: Date of Submission: | D10: ='Data Entry'!$B$3 -> 46124
B11: Depositor: | D11: GS Mortgage Securities Corporation II
B12: Trust: | D12: 2017-GS8
B13: Pooling and Servicing Agreement: | D13: November 1, 2017, among GS Mortgage Securities Corporation II as Depositor, Wells Fargo Bank, N.A. as Master Servicer, Midland Loan Services, a Division of PNC Bank, N.A. as Special Servicer, Wells Fargo Bank, N.A., as Certificate Administrator, Wilmington Trust, N.A. as Trustee and Pentalpha Surveillance LLC as Operating Advisor and as Asset Representations Reviewer.
B14: Subservicing Agreement | D14: Subservicing Agreement dated as of November 1, 2017, between Wells Fargo Bank, N.A., as Master Servicer, and NRC Group, Inc., as Subservicer.
B15: Master Servicer: | D15: Trimont LLC
B16: Subservicer: | D16: NRC Group, Inc.
B19: Pursuant to Section 11.04 of the Pooling and Servicing agreement dated November 1, 2017 for GSMS 2017-GS8, NRC Group, Inc. as Subservicer certifies to Trimont LLC as Master Servicer during the above-referenced time period that there are no items to report in relation to the Subservicer and to the mortgage loans serviced by Subservicer in relation to the specified pool.
B22: SIGNATURES
B23: Pursuant to the requirements of the Securities Exchange Act of 1934, the registrant has duly caused this report to be signed on its behalf by the undersigned thereunto duly authorized.
B27: ="Date: " & " " &TEXT('Data Entry'!$B$5, "MMMM DD, YYY") -> Date: April 12, 2026 | D27: By: NRC Group, Inc., a California corporation
D30: ='Data Entry'!$B$7 -> Michael Heagerty
D31: ='Data Entry'!$B$8 -> Principal

Sheet 2016-C5
B2: Form 10-D Information Report
B4: Pool Name: SGCMS 2016-C5
B5: ="Reporting Date: " &('Data Entry'!$B$2) -> Reporting Date: 3/1/2026-3/31/2026
B8: Identifying Information for this Report:
B10: Date of Submission: | D10: ='Data Entry'!$B$3 -> 46124
B11: Depositor: | D11: SG Commercial Mortgage Securities, LLC
B12: Trust: | D12: 2016-C5
B13: Pooling and Servicing Agreement: | D13: July 1, 2016, among SG Commercial Mortgage Securities, LLC as Depositor, Wells Fargo Bank, N.A. as Master Servicer, Rialto Capital Advisors, LLC as Special Servicer, Wells Fargo Bank, N.A. as Certificate Administrator, Wilmington Trust, N.A. as Trustee and Park Bridge Lender Services, LLC as Operating Advisor and as Asset Representations Reviewer.
B14: Subservicing Agreement | D14: Subservicing Agreement dated as of July 1, 2016, between Wells Fargo Bank, N.A., as Master Servicer, and NRC Group, Inc., as Subservicer.
B15: Master Servicer: | D15: Trimont LLC
B16: Subservicer: | D16: NRC Group, Inc.
B19: Pursuant to Section 11.04 of the Pooling and Servicing agreement dated July 1, 2016 for SGCMS 2016-C5, NRC Group, Inc. as Subservicer certifies to Trimont LLC as Master Servicer during the above-referenced time period that there are no items to report in relation to the Subservicer and to the mortgage loans serviced by Subservicer in relation to the specified pool.
B22: SIGNATURES
B23: Pursuant to the requirements of the Securities Exchange Act of 1934, the registrant has duly caused this report to be signed on its behalf by the undersigned thereunto duly authorized.
B27: ="Date: " & " " &TEXT('Data Entry'!$B$5, "MMMM DD, YYY") -> Date: April 12, 2026 | D27: By: NRC Group, Inc., a California corporation
D30: ='Data Entry'!$B$7 -> Michael Heagerty
D31: ='Data Entry'!$B$8 -> Principal

Sheet 2016-C6
B2: Form 10-D Information Report
B4: Pool Name: CFCRE 2016-C6
B5: ="Reporting Date: " &('Data Entry'!$B$2) -> Reporting Date: 3/1/2026-3/31/2026
B8: Identifying Information for this Report:
B10: Date of Submission: | D10: ='Data Entry'!$B$3 -> 46124
B11: Depositor: | D11: CCRE Commercial Mortgage Securities, LP
B12: Trust: | D12: 2016-C6
B13: Pooling and Servicing Agreement: | D13: November 1, 2016, among CCRE Commercial Mortgage Securities, LP as Depositor, Wells Fargo Bank, N.A. as Master Servicer, Rialto Capital Advisors, LLC as Special Servicer, Wells Fargo Bank, N.A. as Certificate Administrator, Paying Agent and Custodian, Wilmington Trust, N.A. as Trustee and Park Bridge Lender Services, LLC as Operating Advisor and as Asset Representations Reviewer.
B14: Subservicing Agreement | D14: Subservicing Agreement dated as of November 1, 2016, between Wells Fargo Bank, N.A., as Master Servicer, and NRC Group, Inc., as Subservicer.
B15: Master Servicer: | D15: Trimont LLC
B16: Subservicer: | D16: NRC Group, Inc.
B19: Pursuant to Section 10.06 of the Pooling and Servicing agreement dated November 1, 2016 for CFCRE 2016-C6, NRC Group, Inc. as Subservicer certifies to Trimont LLC as Master Servicer during the above-referenced time period that there are no items to report in relation to the Subservicer and to the mortgage loans serviced by Subservicer in relation to the specified pool.
B22: SIGNATURES
B23: Pursuant to the requirements of the Securities Exchange Act of 1934, the registrant has duly caused this report to be signed on its behalf by the undersigned thereunto duly authorized.
B27: ="Date: " & " " &TEXT('Data Entry'!$B$5, "MMMM DD, YYY") -> Date: April 12, 2026 | D27: By: NRC Group, Inc., a California corporation
D30: ='Data Entry'!$B$7 -> Michael Heagerty
D31: ='Data Entry'!$B$8 -> Principal

Sheet 2019-GC38 GSMS
B2: Form 10-D Information Report
B4: Pool Name: GSMS 2019-GC38
B5: ="Reporting Date: " &('Data Entry'!$B$2) -> Reporting Date: 3/1/2026-3/31/2026
B8: Identifying Information for this Report:
B10: Date of Submission: | D10: ='Data Entry'!$B$3 -> 46124
B11: Depositor: | D11: GS Mortgage Securities Corporation II
B12: Trust: | D12: 2019-GC38
B13: Pooling and Servicing Agreement: | D13: February 1, 2019, among GS Mortgage Securities Corporation II as Depositor, Wells Fargo Bank, N.A. as Master Servicer, Midland Loan Services, a Division of PNC Bank, N.A. as Special Servicer, Wells Fargo Bank, N.A., as Certificate Administrator, Wilmington Trust, N.A. as Trustee and Pentalpha Surveillance LLC as Operating Advisor and as Asset Representations Reviewer.
B14: Subservicing Agreement | D14: Subservicing Agreement dated as of February 1, 2019, between Wells Fargo Bank, N.A., as Master Servicer, and NRC Group, Inc., as Subservicer.
B15: Master Servicer: | D15: Trimont LLC
B16: Subservicer: | D16: NRC Group, Inc.
B19: Pursuant to Section 11.04 of the Pooling and Servicing agreement dated February 1, 2019 for GSMS 2017-GS8, NRC Group, Inc. as Subservicer certifies to Trimont LLC as Master Servicer during the above-referenced time period that there are no items to report in relation to the Subservicer and to the mortgage loans serviced by Subservicer in relation to the specified pool.
B22: SIGNATURES
B23: Pursuant to the requirements of the Securities Exchange Act of 1934, the registrant has duly caused this report to be signed on its behalf by the undersigned thereunto duly authorized.
B27: ="Date: " & " " &TEXT('Data Entry'!$B$5, "MMMM DD, YYY") -> Date: April 12, 2026 | D27: By: NRC Group, Inc., a California corporation
D30: ='Data Entry'!$B$7 -> Michael Heagerty
D31: ='Data Entry'!$B$8 -> Principal

Sheet 2016-C2
B2: Form 10-D Information Report
B4: Pool Name: JPMDB 2016-C2
B5: ="Reporting Date: " &('Data Entry'!$B$2) -> Reporting Date: 3/1/2026-3/31/2026
B8: Identifying Information for this Report:
B10: Date of Submission: | D10: ='Data Entry'!$B$4 -> 46129
B11: Depositor: | D11: J.P. Morgan Chase Commercial Mortgage Securities Corp.
B12: Trust: | D12: 2016-C2
B13: Pooling and Servicing Agreement: | D13: May 1, 2016, among J.P. Morgan Chase Commercial Mortgage Securities Corp., as Depositor, Wells Fargo Bank, N.A., as Master Servicer, Midland Loan Services, a Division of PNC Bank, N.A., as Special Servicer, Wells Fargo Bank, N.A., as Certificate Administrator, Wilmington Trust, N.A., as Trustee, and Pentalpha Surveillance LLC, as Operating Advisor and Asset Representations Reviewer
B14: Subservicing Agreement | D14: Subservicing Agreement dated as of May 1, 2016, between Wells Fargo Bank, N.A., as Master Servicer, and NRC Group, Inc., as Subservicer.
B15: Master Servicer: | D15: Trimont LLC
B16: Subservicer: | D16: NRC Group, Inc.
B19: Pursuant to Section 11.04 of the Pooling and Servicing agreement dated May 1, 2016 for JPMDB 2016-C2, NRC Group, Inc. as Subservicer certifies to Trimont LLC as Master Servicer during the above-referenced time period that there are no items to report in relation to the Subservicer and to the mortgage loans serviced by Subservicer in relation to the specified pool.
B22: SIGNATURES
B23: Pursuant to the requirements of the Securities Exchange Act of 1934, the registrant has duly caused this report to be signed on its behalf by the undersigned thereunto duly authorized.
B27: ="Date: " & " " &TEXT('Data Entry'!$B$6, "MMMM DD, YYY") -> Date: April 17, 2026 | D27: By: NRC Group, Inc., a California corporation
D30: ='Data Entry'!$B$7 -> Michael Heagerty
D31: ='Data Entry'!$B$8 -> Principal

Sheet 2016-C31
B2: Form 10-D Information Report
B4: Pool Name: MSBAM 2016-C31
B5: ="Reporting Date: " &('Data Entry'!$B$2) -> Reporting Date: 3/1/2026-3/31/2026
B8: Identifying Information for this Report:
B10: Date of Submission: | D10: ='Data Entry'!$B$4 -> 46129
B11: Depositor: | D11: Banc of America Merrill Lynch Commercial Mortgage Inc.
B12: Trust: | D12: 2016-C31
B13: Pooling and Servicing Agreement: | D13: November 1, 2016, among Banc of America Merrill Lynch Commercial Mortgage Inc., as Depositor, Wells Fargo Bank, N.A., as Master Servicer, Rialto Capital Advisors, LLC, as Special Servicer, Wells Fargo Bank, N.A., as Certificate Administrator, Wilmington Trust, N.A., as Trustee, and Park Bridge Lender Services, LLC, as Operating Advisor and Asset Representations Reviewer
B14: Subservicing Agreement | D14: Subservicing Agreement dated as of November 1, 2016, between Wells Fargo Bank, N.A., as Master Servicer, and NRC Group, Inc., as Subservicer.
B15: Master Servicer: | D15: Trimont LLC
B16: Subservicer: | D16: NRC Group, Inc.
B19: Pursuant to Section 11.04 of the Pooling and Servicing agreement dated November 1, 2016 for MSBAM 2016-C31, NRC Group, Inc. as Subservicer certifies to Trimont LLC as Master Servicer during the above-referenced time period that there are no items to report in relation to the Subservicer and to the mortgage loans serviced by Subservicer in relation to the specified pool.
B22: SIGNATURES
B23: Pursuant to the requirements of the Securities Exchange Act of 1934, the registrant has duly caused this report to be signed on its behalf by the undersigned thereunto duly authorized.
B27: ="Date: " & " " &TEXT('Data Entry'!$B$6, "MMMM DD, YYY") -> Date: April 17, 2026 | D27: By: NRC Group, Inc., a California corporation
D30: ='Data Entry'!$B$7 -> Michael Heagerty
D31: ='Data Entry'!$B$8 -> Principal

Sheet 2016-C35
B2: Form 10-D Information Report
B4: Pool Name: WFCM 2016-C35
B5: ="Reporting Date: " &('Data Entry'!$B$2) -> Reporting Date: 3/1/2026-3/31/2026
B8: Identifying Information for this Report:
B10: Date of Submission: | D10: ='Data Entry'!$B$4 -> 46129
B11: Depositor: | D11: Wells Fargo Commercial Mortgage Securities, Inc.
B12: Trust: | D12: 2016-C35
B13: Pooling and Servicing Agreement: | D13: July 1, 2016, among Wells Fargo Commercial Mortgage Securities, Inc. as Depositor, Wells Fargo Bank, N.A. as General Master Servicer, CW Capital Asset Management, LLC as General Special Servicer, National Cooperative Bank, N.A., as NCB Master Servicer and as NCB Special Servicer, Wells Fargo Bank, N.A., as Certificate Administrator, Wilmington Trust, N.A. as Trustee and Pentalpha Surveillance, LLC as Operating Advisor and as Asset Representations Reviewer.
B14: Subservicing Agreement | D14: Subservicing Agreement dated as of July 1, 2016, between Wells Fargo Bank, N.A., as Master Servicer, and NRC Group, Inc., as Subservicer.
B15: Master Servicer: | D15: Trimont LLC
B16: Subservicer: | D16: NRC Group, Inc.
B19: Pursuant to Section 11.04 of the Pooling and Servicing agreement dated July 1, 2016 for WFCM 2016-C35, NRC Group, Inc. as Subservicer certifies to Trimont LLC as Master Servicer during the above-referenced time period that there are no items to report in relation to the Subservicer and to the mortgage loans serviced by Subservicer in relation to the specified pool.
B22: SIGNATURES
B23: Pursuant to the requirements of the Securities Exchange Act of 1934, the registrant has duly caused this report to be signed on its behalf by the undersigned thereunto duly authorized.
B27: ="Date: " & " " &TEXT('Data Entry'!$B$6, "MMMM DD, YYY") -> Date: April 17, 2026 | D27: By: NRC Group, Inc., a California corporation
D30: ='Data Entry'!$B$7 -> Michael Heagerty
D31: ='Data Entry'!$B$8 -> Principal

Sheet 2016-JP4
B2: Form 10-D Information Report
B4: Pool Name: JPMCC 2016-JP4
B5: ="Reporting Date: " &('Data Entry'!$B$2) -> Reporting Date: 3/1/2026-3/31/2026
B8: Identifying Information for this Report:
B10: Date of Submission: | D10: ='Data Entry'!$B$4 -> 46129
B11: Depositor: | D11: J.P. Morgan Chase Commercial Mortgage Securities Corp.
B12: Trust: | D12: 2016-JP4
B13: Pooling and Servicing Agreement: | D13: December 1, 2016, among J.P. Morgan Chase Commercial Mortgage Securities Corp. as Depositor, Wells Fargo Bank, N.A. as Master Servicer, LNR Partners, LLC as Special Servicer, Wells Fargo Bank, N.A., as Certificate Administrator, Wilmington Trust, N.A. as Trustee and Pentalpha Surveillance, LLC as Operating Advisor and as Asset Representations Reviewer.
B14: Subservicing Agreement | D14: Subservicing Agreement dated as of December 1, 2016, between Wells Fargo Bank, N.A., as Master Servicer, and NRC Group, Inc., as Subservicer.
B15: Master Servicer: | D15: Trimont LLC
B16: Subservicer: | D16: NRC Group, Inc.
B19: Pursuant to Section 11.04 of the Pooling and Servicing agreement dated December 1, 2016 for JPMCC 2016-JP4, NRC Group, Inc. as Subservicer certifies to Trimont LLC as Master Servicer during the above-referenced time period that there are no items to report in relation to the Subservicer and to the mortgage loans serviced by Subservicer in relation to the specified pool.
B22: SIGNATURES
B23: Pursuant to the requirements of the Securities Exchange Act of 1934, the registrant has duly caused this report to be signed on its behalf by the undersigned thereunto duly authorized.
B27: ="Date: " & " " &TEXT('Data Entry'!$B$6, "MMMM DD, YYY") -> Date: April 17, 2026 | D27: By: NRC Group, Inc., a California corporation
D30: ='Data Entry'!$B$7 -> Michael Heagerty
D31: ='Data Entry'!$B$8 -> Principal

Sheet 2016-LC24
B2: Form 10-D Information Report
B4: Pool Name: WFCM 2016-LC24
B5: ="Reporting Date: " &('Data Entry'!$B$2) -> Reporting Date: 3/1/2026-3/31/2026
B8: Identifying Information for this Report:
B10: Date of Submission: | D10: ='Data Entry'!$B$4 -> 46129
B11: Depositor: | D11: J.P. Morgan Chase Commercial Mortgage Securities Corp.
B12: Trust: | D12: 2016-LC24
B13: Pooling and Servicing Agreement: | D13: September 1, 2016, among Wells Fargo Commercial Mortgage Securities, Inc. as Depositor, Wells Fargo Bank, N.A. as General Master Servicer, Midland Loan Services, a Division of PNC Bank, N.A. as General Special Servicer, National Cooperative Bank, N.A. as NCB Master Servicer and as NCB Special Servicer, Wells Fargo Bank, N.A. as Certificate Administrator, Wilmington Trust, N.A. as Trustee and Trimont Real Estate Advisors, LLC as Operating Advisor and as Asset Representation Review.
B14: Subservicing Agreement | D14: Subservicing Agreement dated as of September 1, 2016, between Wells Fargo Bank, N.A., as Master Servicer, and NRC Group, Inc., as Subservicer.
B15: Master Servicer: | D15: Trimont LLC
B16: Subservicer: | D16: NRC Group, Inc.
B19: Pursuant to Section 11.04 of the Pooling and Servicing agreement dated September 1, 2016 for WFCM 2016-LC24, NRC Group, Inc. as Subservicer certifies to Trimont LLC as Master Servicer during the above-referenced time period that there are no items to report in relation to the Subservicer and to the mortgage loans serviced by Subservicer in relation to the specified pool.
B22: SIGNATURES
B23: Pursuant to the requirements of the Securities Exchange Act of 1934, the registrant has duly caused this report to be signed on its behalf by the undersigned thereunto duly authorized.
B27: ="Date: " & " " &TEXT('Data Entry'!$B$6, "MMMM DD, YYY") -> Date: April 17, 2026 | D27: By: NRC Group, Inc., a California corporation
D30: ='Data Entry'!$B$7 -> Michael Heagerty
D31: ='Data Entry'!$B$8 -> Principal

Sheet 2017-BNK3
B2: Form 10-D Information Report
B4: Pool Name: BACM 2017-BNK3
B5: ="Reporting Date: " &('Data Entry'!$B$2) -> Reporting Date: 3/1/2026-3/31/2026
B8: Identifying Information for this Report:
B10: Date of Submission: | D10: ='Data Entry'!$B$4 -> 46129
B11: Depositor: | D11: Banc of America Merrill Lynch Commercial Mortgage Inc.
B12: Trust: | D12: 2017-BNK3
B13: Pooling and Servicing Agreement: | D13: February 1, 2017, among Banc of America Merrill Lynch Commercial Mortgage Inc. as Depositor, Wells Fargo Bank, N.A. as Master Servicer, Midland Loan Services, a Division of PNC Bank, N.A. as Special Servicer, Wells Fargo Bank, N.A., as Certificate Administrator, Wilmington Trust, N.A. as Trustee and Park Bridge Lender Services LLC as Operating Advisor and as Asset Representations Reviewer.
B14: Subservicing Agreement | D14: Subservicing Agreement dated as of February 1, 2017, between Wells Fargo Bank, N.A., as Master Servicer, and NRC Group, Inc., as Subservicer.
B15: Master Servicer: | D15: Trimont LLC
B16: Subservicer: | D16: NRC Group, Inc.
B19: Pursuant to Section 11.04 of the Pooling and Servicing agreement dated February 1, 2017 for BACM 2017-BNK3, NRC Group, Inc. as Subservicer certifies to Trimont LLC as Master Servicer during the above-referenced time period that there are no items to report in relation to the Subservicer and to the mortgage loans serviced by Subservicer in relation to the specified pool.
B22: SIGNATURES
B23: Pursuant to the requirements of the Securities Exchange Act of 1934, the registrant has duly caused this report to be signed on its behalf by the undersigned thereunto duly authorized.
B27: ="Date: " & " " &TEXT('Data Entry'!$B$6, "MMMM DD, YYY") -> Date: April 17, 2026 | D27: By: NRC Group, Inc., a California corporation
D30: ='Data Entry'!$B$7 -> Michael Heagerty
D31: ='Data Entry'!$B$8 -> Principal

Sheet 2017-RB1
B2: Form 10-D Information Report
B4: Pool Name: WFCM 2017-RB1
B5: ="Reporting Date: " &('Data Entry'!$B$2) -> Reporting Date: 3/1/2026-3/31/2026
B8: Identifying Information for this Report:
B10: Date of Submission: | D10: ='Data Entry'!$B$4 -> 46129
B11: Depositor: | D11: Wells Fargo Commercial Mortgage Securities, Inc.
B12: Trust: | D12: 2017-RB1
B13: Pooling and Servicing Agreement: | D13: March 1, 2017, among Wells Fargo Commercial Mortgage Securities, Inc. as Depositor, Wells Fargo Bank, N.A. as Master Servicer, C-III Asset Management LLC as Special Servicer, Wells Fargo Bank, N.A., as Certificate Administrator, Wilmington Trust, N.A. as Trustee and Trimont Real Estate Advisors LLC as Operating Advisor and as Asset Representations Reviewer.
B14: Subservicing Agreement | D14: Subservicing Agreement dated as of March 1, 2017, between Wells Fargo Bank, N.A., as Master Servicer, and NRC Group, Inc., as Subservicer.
B15: Master Servicer: | D15: Trimont LLC
B16: Subservicer: | D16: NRC Group, Inc.
B19: Pursuant to Section 11.04 of the Pooling and Servicing agreement dated March 1, 2017 for WFCM 2017-RB1, NRC Group, Inc. as Subservicer certifies to Trimont LLC as Master Servicer during the above-referenced time period that there are no items to report in relation to the Subservicer and to the mortgage loans serviced by Subservicer in relation to the specified pool.
B22: SIGNATURES
B23: Pursuant to the requirements of the Securities Exchange Act of 1934, the registrant has duly caused this report to be signed on its behalf by the undersigned thereunto duly authorized.
B27: ="Date: " & " " &TEXT('Data Entry'!$B$6, "MMMM DD, YYY") -> Date: April 17, 2026 | D27: By: NRC Group, Inc., a California corporation
D30: ='Data Entry'!$B$7 -> Michael Heagerty
D31: ='Data Entry'!$B$8 -> Principal

Sheet 2017-JP7 JPMCC
B2: Form 10-D Information Report
B4: Pool Name: JPMCC 2017-JP7
B5: ="Reporting Date: " &('Data Entry'!$B$2) -> Reporting Date: 3/1/2026-3/31/2026
B8: Identifying Information for this Report:
B10: Date of Submission: | D10: ='Data Entry'!$B$4 -> 46129
B11: Depositor: | D11: J.P. Morgan Chase Commercial Mortgage Securities Corp.
B12: Trust: | D12: 2017-JP7
B13: Pooling and Servicing Agreement: | D13: July 1, 2017, among J.P. Morgan Chase Commercial Mortgage Securities Corp. as Depositor, Wells Fargo Bank, N.A. as Master Servicer, CWCapital Asset Management LLC as Special Servicer, Wells Fargo Bank, N.A., as Certificate Administrator, Wilmington Trust, N.A. as Trustee and Pentalpha Surveillance LLC as Operating Advisor and as Asset Representations Reviewer.
B14: Subservicing Agreement | D14: Subservicing Agreement dated as of July 1, 2017, between Wells Fargo Bank, N.A., as Master Servicer, and NRC Group, Inc., as Subservicer.
B15: Master Servicer: | D15: Trimont LLC
B16: Subservicer: | D16: NRC Group, Inc.
B19: Pursuant to Section 11.04 of the Pooling and Servicing agreement dated July 1, 2017 for JPMCC 2017-JP7, NRC Group, Inc. as Subservicer certifies to Trimont LLC as Master Servicer during the above-referenced time period that there are no items to report in relation to the Subservicer and to the mortgage loans serviced by Subservicer in relation to the specified pool.
B22: SIGNATURES
B23: Pursuant to the requirements of the Securities Exchange Act of 1934, the registrant has duly caused this report to be signed on its behalf by the undersigned thereunto duly authorized.
B27: ="Date: " & " " &TEXT('Data Entry'!$B$6, "MMMM DD, YYY") -> Date: April 17, 2026 | D27: By: NRC Group, Inc., a California corporation
D30: ='Data Entry'!$B$7 -> Michael Heagerty
D31: ='Data Entry'!$B$8 -> Principal

Sheet 2017-BNK7 BANK
B2: Form 10-D Information Report
B4: Pool Name: BANK 2017-BNK7
B5: ="Reporting Date: " &('Data Entry'!$B$2) -> Reporting Date: 3/1/2026-3/31/2026
B8: Identifying Information for this Report:
B10: Date of Submission: | D10: ='Data Entry'!$B$4 -> 46129
B11: Depositor: | D11: Wells Fargo Commercial Mortgage Securities, Inc.
B12: Trust: | D12: 2017-BNK7
B13: Pooling and Servicing Agreement: | D13: September 1, 2017, among Wells Fargo Commercial Mortgage Securities, Inc. as Depositor, Wells Fargo Bank, N.A. as General Master Servicer, Rialto Capital Advisors, LLC as General Special Servicer, National Cooperative Bank, N.A., as NCB Master Servicer and as NCB Special Servicer, Wells Fargo Bank, N.A., as Certificate Administrator, Wilmington Trust, N.A., as Trustee and Pentalpha Surveillance LLC, as Operating Advisor and as Asset Representations Reviewer.
B14: Subservicing Agreement | D14: Subservicing Agreement dated as of September 1, 2017, between Wells Fargo Bank, N.A., as Master Servicer, and NRC Group, Inc., as Subservicer.
B15: Master Servicer: | D15: Trimont LLC
B16: Subservicer: | D16: NRC Group, Inc.
B19: Pursuant to Section 11.04 of the Pooling and Servicing agreement dated September 1, 2017 for BANK 2017-BNK7, NRC Group, Inc. as Subservicer certifies to Trimont LLC as Master Servicer during the above-referenced time period that there are no items to report in relation to the Subservicer and to the mortgage loans serviced by Subservicer in relation to the specified pool.
B22: SIGNATURES
B23: Pursuant to the requirements of the Securities Exchange Act of 1934, the registrant has duly caused this report to be signed on its behalf by the undersigned thereunto duly authorized.
B27: ="Date: " & " " &TEXT('Data Entry'!$B$6, "MMMM DD, YYY") -> Date: April 17, 2026 | D27: By: NRC Group, Inc., a California corporation
D30: ='Data Entry'!$B$7 -> Michael Heagerty
D31: ='Data Entry'!$B$8 -> Principal

Sheet 2017-C42 WFCM
B2: Form 10-D Information Report
B4: Pool Name: WFCM 2017-C42
B5: ="Reporting Date: " &('Data Entry'!$B$2) -> Reporting Date: 3/1/2026-3/31/2026
B8: Identifying Information for this Report:
B10: Date of Submission: | D10: ='Data Entry'!$B$4 -> 46129
B11: Depositor: | D11: Wells Fargo Commercial Mortgage Securities, Inc.
B12: Trust: | D12: 2017-C42
B13: Pooling and Servicing Agreement: | D13: December 1, 2017, among Wells Fargo Commercial Mortgage Securities, Inc. as Depositor, Wells Fargo Bank, N.A. as Master Servicer, LNR Partners, LLC as Special Servicer, Wells Fargo Bank, N.A., as Certificate Administrator, Wilmington Trust, N.A., as Trustee and Park Bridge Lender Services LLC, as Operating Advisor and as Asset Representations Reviewer.
B14: Subservicing Agreement | D14: Subservicing Agreement dated as of December 1, 2017, between Wells Fargo Bank, N.A., as Master Servicer, and NRC Group, Inc., as Subservicer.
B15: Master Servicer: | D15: Trimont LLC
B16: Subservicer: | D16: NRC Group, Inc.
B19: Pursuant to Section 11.04 of the Pooling and Servicing agreement dated December 1, 2017 for WFCM 2017-C42, NRC Group, Inc. as Subservicer certifies to Trimont LLC as Master Servicer during the above-referenced time period that there are no items to report in relation to the Subservicer and to the mortgage loans serviced by Subservicer in relation to the specified pool.
B22: SIGNATURES
B23: Pursuant to the requirements of the Securities Exchange Act of 1934, the registrant has duly caused this report to be signed on its behalf by the undersigned thereunto duly authorized.
B27: ="Date: " & " " &TEXT('Data Entry'!$B$6, "MMMM DD, YYY") -> Date: April 17, 2026 | D27: By: NRC Group, Inc., a California corporation
D30: ='Data Entry'!$B$7 -> Michael Heagerty
D31: ='Data Entry'!$B$8 -> Principal

Sheet 2019-BNK16 BANK
B2: Form 10-D Information Report
B4: Pool Name: BANK 2019-BNK16
B5: ="Reporting Date: " &('Data Entry'!$B$2) -> Reporting Date: 3/1/2026-3/31/2026
B8: Identifying Information for this Report:
B10: Date of Submission: | D10: ='Data Entry'!$B$4 -> 46129
B11: Depositor: | D11: Wells Fargo Commercial Mortgage Securities, Inc.
B12: Trust: | D12: 2019-BNK16
B13: Pooling and Servicing Agreement: | D13: February 1, 2019, among Wells Fargo Commercial Mortgage Securities, Inc. as Depositor, Wells Fargo Bank, N.A. as General Master Servicer, Keybank National Association as General Special Servicer, National Cooperative Bank, N.A. as NCB Master Servicer and as NCB Special Servicer, Wells Fargo Bank, N.A., as Certificate Administrator, Wilmington Trust, N.A., as Trustee and Park Bridge Lender Services LLC, as Operating Advisor and as Asset Representations Reviewer.
B14: Subservicing Agreement | D14: Subservicing Agreement dated as of February 1, 2019, between Wells Fargo Bank, N.A., as Master Servicer, and NRC Group, Inc., as Subservicer.
B15: Master Servicer: | D15: Trimont LLC
B16: Subservicer: | D16: NRC Group, Inc.
B19: Pursuant to Section 11.04 of the Pooling and Servicing agreement dated February 1, 2019 for BANK 2019-BNK16, NRC Group, Inc. as Subservicer certifies to Trimont LLC as Master Servicer during the above-referenced time period that there are no items to report in relation to the Subservicer and to the mortgage loans serviced by Subservicer in relation to the specified pool.
B22: SIGNATURES
B23: Pursuant to the requirements of the Securities Exchange Act of 1934, the registrant has duly caused this report to be signed on its behalf by the undersigned thereunto duly authorized.
B27: ="Date: " & " " &TEXT('Data Entry'!$B$6, "MMMM DD, YYY") -> Date: April 17, 2026 | D27: By: NRC Group, Inc., a California corporation
D30: ='Data Entry'!$B$7 -> Michael Heagerty
D31: ='Data Entry'!$B$8 -> Principal

Sheet 2019-C4 BBCMS
B2: Form 10-D Information Report
B4: Pool Name: BBCMS 2019-C4
B5: ="Reporting Date: " &('Data Entry'!$B$2) -> Reporting Date: 3/1/2026-3/31/2026
B8: Identifying Information for this Report:
B10: Date of Submission: | D10: ='Data Entry'!$B$4 -> 46129
B11: Depositor: | D11: Barclays Commercial Mortgage Securities LLC
B12: Trust: | D12: 2019-C4
B13: Pooling and Servicing Agreement: | D13: August 1, 2019, among Barclays Commercial Mortgage Securities LLC as Depositor, Wells Fargo Bank, N.A. as Master Servicer, Rialto Capital Advisors LLC as Special Servicer, Wells Fargo Bank, N.A. as Certificate Administrator, Wilmington Trust, N.A. as Trustee and Park Bridge Lender Services LLC as Operating Advisor and as Asset Representations Reviewer.
B14: Subservicing Agreement | D14: Subservicing Agreement dated as of August 1, 2019, between Wells Fargo Bank, N.A., as Master Servicer, and NRC Group, Inc., as Subservicer.
B15: Master Servicer: | D15: Trimont LLC
B16: Subservicer: | D16: NRC Group, Inc.
B19: Pursuant to Section 11.04 of the Pooling and Servicing agreement dated August 1, 2019 for BBCMS 2019-C4, NRC Group, Inc. as Subservicer certifies to Trimont LLC as Master Servicer during the above-referenced time period that there are no items to report in relation to the Subservicer and to the mortgage loans serviced by Subservicer in relation to the specified pool.
B22: SIGNATURES
B23: Pursuant to the requirements of the Securities Exchange Act of 1934, the registrant has duly caused this report to be signed on its behalf by the undersigned thereunto duly authorized.
B27: ="Date: " & " " &TEXT('Data Entry'!$B$6, "MMMM DD, YYY") -> Date: April 17, 2026 | D27: By: NRC Group, Inc., a California corporation
D30: ='Data Entry'!$B$7 -> Michael Heagerty
D31: ='Data Entry'!$B$8 -> Principal

Sheet 2019-BNK23 BANK
B2: Form 10-D Information Report
B4: Pool Name: BANK 2019-BNK23
B5: ="Reporting Date: " &('Data Entry'!$B$2) -> Reporting Date: 3/1/2026-3/31/2026
B8: Identifying Information for this Report:
B10: Date of Submission: | D10: ='Data Entry'!$B$4 -> 46129
B11: Depositor: | D11: Morgan Stanley Capital I Inc.
B12: Trust: | D12: 2019-BNK23
B13: Pooling and Servicing Agreement: | D13: December 1, 2019, among Morgan Stanley Capital I Inc. as Depositor, Wells Fargo Bank, N.A. as Master Servicer, Keybank N.A. as Special Servicer, Wells Fargo Bank, N.A. as Certificate Administrator, Wilmington Trust, N.A. as Trustee and Park Bridge Lender Services LLC as Operating Advisor and as Asset Representations Reviewer.
B14: Subservicing Agreement | D14: Subservicing Agreement dated as of December 1, 2019, between Wells Fargo Bank, N.A., as Master Servicer, and NRC Group, Inc., as Subservicer.
B15: Master Servicer: | D15: Trimont LLC
B16: Subservicer: | D16: NRC Group, Inc.
B19: Pursuant to Section 11.04 of the Pooling and Servicing agreement dated December 1, 2019 for BANK 2019-BNK23, NRC Group, Inc. as Subservicer certifies to Trimont LLC as Master Servicer during the above-referenced time period that there are no items to report in relation to the Subservicer and to the mortgage loans serviced by Subservicer in relation to the specified pool.
B22: SIGNATURES
B23: Pursuant to the requirements of the Securities Exchange Act of 1934, the registrant has duly caused this report to be signed on its behalf by the undersigned thereunto duly authorized.
B27: ="Date: " & " " &TEXT('Data Entry'!$B$6, "MMMM DD, YYY") -> Date: April 17, 2026 | D27: By: NRC Group, Inc., a California corporation
D30: ='Data Entry'!$B$7 -> Michael Heagerty
D31: ='Data Entry'!$B$8 -> Principal

Sheet 2019-BNK24 BANK
B2: Form 10-D Information Report
B4: Pool Name: BANK 2019-BNK24
B5: ="Reporting Date: " &('Data Entry'!$B$2) -> Reporting Date: 3/1/2026-3/31/2026
B7: Identifying Information for this Report:
B9: Date of Submission: | D9: ='Data Entry'!$B$4 -> 46129
B10: Depositor: | D10: Banc of America Merrill Lynch Commercial Mortgage Inc.
B11: Trust: | D11: 2019-BNK24
B12: Pooling and Servicing Agreement: | D12: December 1, 2019, among Banc of America Merrill Lynch Commercial Mortgage Inc. as Depositor, Wells Fargo Bank, N.A. as General Master Servicer, Midland Loan Services, a Division of PNC Bank, N.A. as General Special Servicer, National Cooperative Bank, N.A. as NCB Master Servicer and as NCB Special Servicer, Wells Fargo Bank, N.A. as Certificate Administrator, Wilmington Trust, N.A. as Trustee and Park Bridge Lender Services LLC as Operating Advisor and as Asset Representations Reviewer.
B13: Subservicing Agreement | D13: Subservicing Agreement dated as of December 1, 2019, between Wells Fargo Bank, N.A., as Master Servicer, and NRC Group, Inc., as Subservicer.
B14: Master Servicer: | D14: Trimont LLC
B15: Subservicer: | D15: NRC Group, Inc.
B18: Pursuant to Section 11.04 of the Pooling and Servicing agreement dated December 1, 2019 for BANK 2019-BNK24, NRC Group, Inc. as Subservicer certifies to Trimont LLC as Master Servicer during the above-referenced time period that there are no items to report in relation to the Subservicer and to the mortgage loans serviced by Subservicer in relation to the specified pool.
B20: SIGNATURES
B21: Pursuant to the requirements of the Securities Exchange Act of 1934, the registrant has duly caused this report to be signed on its behalf by the undersigned thereunto duly authorized.
B24: ="Date: " & " " &TEXT('Data Entry'!$B$6, "MMMM DD, YYY") -> Date: April 17, 2026 | D24: By: NRC Group, Inc., a California corporation
D27: ='Data Entry'!$B$7 -> Michael Heagerty
D28: ='Data Entry'!$B$8 -> Principal

Sheet 2021-BNK34 BANK
B2: Form 10-D Information Report
B4: Pool Name: BANK 2021-BNK34
B5: ="Reporting Date: " &('Data Entry'!$B$2) -> Reporting Date: 3/1/2026-3/31/2026
B8: Identifying Information for this Report:
B10: Date of Submission: | D10: ='Data Entry'!$B$4 -> 46129
B11: Depositor: | D11: Wells Fargo Commercial Mortgage Securities Inc.
B12: Trust: | D12: 2021-BNK34
B13: Pooling and Servicing Agreement: | D13: June 1, 2021, among Wells Fargo Commercial Mortgage Securities, Inc. as Depositor, Wells Fargo Bank, N.A. as General Master Servicer, Greystone Servicing Company LLC as Special Servicer, Wells Fargo Bank, N.A. as Certificate Administrator, Wilmington Trust, N.A. as Trustee and Pentalpha Surveillance LLC as Operating Advisor and as Asset Representations Reviewer.
B14: Subservicing Agreement | D14: Subservicing Agreement dated as of June 1, 2021, between Wells Fargo Bank, N.A., as Master Servicer, and NRC Group, Inc., as Subservicer.
B15: Master Servicer: | D15: Trimont LLC
B16: Subservicer: | D16: NRC Group, Inc.
B19: Pursuant to Section 11.04 of the Pooling and Servicing agreement dated June 1, 2021 for BANK 2021-BNK34, NRC Group, Inc. as Subservicer certifies to Trimont LLC as Master Servicer during the above-referenced time period that there are no items to report in relation to the Subservicer and to the mortgage loans serviced by Subservicer in relation to the specified pool.
B21: SIGNATURES
B22: Pursuant to the requirements of the Securities Exchange Act of 1934, the registrant has duly caused this report to be signed on its behalf by the undersigned thereunto duly authorized.
B25: ="Date: " & " " &TEXT('Data Entry'!$B$6, "MMMM DD, YYY") -> Date: April 17, 2026 | D25: By: NRC Group, Inc., a California corporation
D28: ='Data Entry'!$B$7 -> Michael Heagerty
D29: ='Data Entry'!$B$8 -> Principal

Sheet 2021-BNK35 BANK
B2: Form 10-D Information Report
B4: Pool Name: BANK 2021-BNK35
B5: ="Reporting Date: " &('Data Entry'!$B$2) -> Reporting Date: 3/1/2026-3/31/2026
B8: Identifying Information for this Report:
B10: Date of Submission: | D10: ='Data Entry'!$B$4 -> 46129
B11: Depositor: | D11: Morgan Stanley Capital I Inc.
B12: Trust: | D12: 2021-BNK35
B13: Pooling and Servicing Agreement: | D13: August 1, 2021, among Morgan Stanley Capital I Inc. as Depositor, Wells Fargo Bank, N.A. as General Master Servicer, Keybank N.A. as General Special Servicer, Wells Fargo Bank, N.A. as Certificate Administrator, Wilmington Trust, N.A. as Trustee and Park Bridge Lender Services LLC as Operating Advisor and as Asset Representations Reviewer.
B14: Subservicing Agreement | D14: Subservicing Agreement dated as of August 1, 2021, between Wells Fargo Bank, N.A., as Master Servicer, and NRC Group, Inc., as Subservicer.
B15: Master Servicer: | D15: Trimont LLC
B16: Subservicer: | D16: NRC Group, Inc.
B19: Pursuant to Section 11.04 of the Pooling and Servicing agreement dated August 1, 2021 for BANK 2021-BNK35, NRC Group, Inc. as Subservicer certifies to Trimont LLC as Master Servicer during the above-referenced time period that there are no items to report in relation to the Subservicer and to the mortgage loans serviced by Subservicer in relation to the specified pool.
B21: SIGNATURES
B22: Pursuant to the requirements of the Securities Exchange Act of 1934, the registrant has duly caused this report to be signed on its behalf by the undersigned thereunto duly authorized.
B25: ="Date: " & " " &TEXT('Data Entry'!$B$6, "MMMM DD, YYY") -> Date: April 17, 2026 | D25: By: NRC Group, Inc., a California corporation
D28: ='Data Entry'!$B$7 -> Michael Heagerty
D29: ='Data Entry'!$B$8 -> Principal

Sheet 2021-BNK38 BANK
B2: Form 10-D Information Report
B4: Pool Name: BANK 2021-BNK38
B5: ="Reporting Date: " &('Data Entry'!$B$2) -> Reporting Date: 3/1/2026-3/31/2026
B8: Identifying Information for this Report:
B10: Date of Submission: | D10: ='Data Entry'!$B$4 -> 46129
B11: Depositor: | D11: Morgan Stanley Capital I Inc.
B12: Trust: | D12: 2021-BNK38
B13: Pooling and Servicing Agreement: | D13: December 1, 2021, among Morgan Stanley Capital I Inc. as Depositor, Wells Fargo Bank, N.A. as General Master Servicer, Midland Loan Services, a Division of PNC Bank, N.A. as General Special Servicer, Computershare Trust Company, N.A. as Certificate Administrator, Wilmington Trust, N.A. as Trustee and Pentalpha Surveillance LLC as Operating Advisor and as Asset Representations Reviewer.
B14: Subservicing Agreement | D14: Subservicing Agreement dated as of December 1, 2021, between Wells Fargo Bank, N.A., as Master Servicer, and NRC Group, Inc., as Subservicer.
B15: Master Servicer: | D15: Trimont LLC
B16: Subservicer: | D16: NRC Group, Inc.
B19: Pursuant to Section 11.04 of the Pooling and Servicing agreement dated December 1, 2021 for BANK 2021-BNK38, NRC Group, Inc. as Subservicer certifies to Trimont LLC as Master Servicer during the above-referenced time period that there are no items to report in relation to the Subservicer and to the mortgage loans serviced by Subservicer in relation to the specified pool.
B21: SIGNATURES
B22: Pursuant to the requirements of the Securities Exchange Act of 1934, the registrant has duly caused this report to be signed on its behalf by the undersigned thereunto duly authorized.
B25: ="Date: " & " " &TEXT('Data Entry'!$B$6, "MMMM DD, YYY") -> Date: April 17, 2026 | D25: By: NRC Group, Inc., a California corporation
D28: ='Data Entry'!$B$7 -> Michael Heagerty
D29: ='Data Entry'!$B$8 -> Principal

Sheet 2022-BNK43 BANK
B2: Form 10-D Information Report
B4: Pool Name: BANK 2022-BNK43
B5: ="Reporting Date: " &('Data Entry'!$B$2) -> Reporting Date: 3/1/2026-3/31/2026
B8: Identifying Information for this Report:
B10: Date of Submission: | D10: ='Data Entry'!$B$4 -> 46129
B11: Depositor: | D11: Wells Fargo Commerical Mortgage Securities Inc.
B12: Trust: | D12: 2022-BNK43
B13: Pooling and Servicing Agreement: | D13: August 1, 2022, among Wells Fargo Commercial Mortgage Securities, Inc. as Depositor, Wells Fargo Bank, N.A. as General Master Servicer, Greystone Servicing Company LLC as General Special Servicer, Computershare Trust Company, N.A. as Certificate Administrator, Wilmington Trust, N.A. as Trustee and Pentalpha Surveillance LLC as Operating Advisor and as Asset Representations Reviewer.
B14: Subservicing Agreement | D14: Subservicing Agreement dated as of August 1, 2022, between Wells Fargo Bank, N.A., as Master Servicer, and NRC Group, Inc., as Subservicer.
B15: Master Servicer: | D15: Trimont LLC
B16: Subservicer: | D16: NRC Group, Inc.
B19: Pursuant to Section 11.04 of the Pooling and Servicing agreement dated August 1, 2022 for BANK 2022-BNK43, NRC Group, Inc. as Subservicer certifies to Trimont LLC as Master Servicer during the above-referenced time period that there are no items to report in relation to the Subservicer and to the mortgage loans serviced by Subservicer in relation to the specified pool.
B21: SIGNATURES
B22: Pursuant to the requirements of the Securities Exchange Act of 1934, the registrant has duly caused this report to be signed on its behalf by the undersigned thereunto duly authorized.
B25: ="Date: " & " " &TEXT('Data Entry'!$B$6, "MMMM DD, YYY") -> Date: April 17, 2026 | D25: By: NRC Group, Inc., a California corporation
D28: ='Data Entry'!$B$7 -> Michael Heagerty
D29: ='Data Entry'!$B$8 -> Principal

Sheet 2025-C64 WFCM
B2: Form 10-D Information Report
B4: Pool Name: WFCM 2025-C64
B5: ="Reporting Date: " &('Data Entry'!$B$2) -> Reporting Date: 3/1/2026-3/31/2026
B8: Identifying Information for this Report:
B10: Date of Submission: | D10: ='Data Entry'!$B$4 -> 46129
B11: Depositor: | D11: Wells Fargo Commerical Mortgage Securities Inc.
B12: Trust: | D12: 2025-C64
B13: Pooling and Servicing Agreement: | D13: February 1, 2025, among Wells Fargo Commercial Mortgage Securities, Inc. as Depositor, Wells Fargo Bank, N.A. as Master Servicer, Rialto Capital Advisors, LLC as Special Servicer, Computershare Trust Company, N.A. as Certificate Administrator and as Trustee and Park Bridge Lender Services LLC as Operating Advisor and as Asset Representations Reviewer.
B14: Subservicing Agreement | D14: Subservicing Agreement dated as of February 1, 2025, between Wells Fargo Bank, N.A., as Master Servicer, and Gantry Capital, Inc., as Subservicer.
B15: Master Servicer: | D15: Trimont LLC
B16: Subservicer: | D16: Gantry Capital, Inc.
B19: Pursuant to Section 11.04 of the Pooling and Servicing agreement dated February 1, 2025 for WFCM 2025-C64, Gantry Capital, Inc. as Subservicer certifies to Trimont LLC as Master Servicer during the above-referenced time period that there are no items to report in relation to the Subservicer and to the mortgage loans serviced by Subservicer in relation to the specified pool.
B21: SIGNATURES
B22: Pursuant to the requirements of the Securities Exchange Act of 1934, the registrant has duly caused this report to be signed on its behalf by the undersigned thereunto duly authorized.
B25: ="Date: " & " " &TEXT('Data Entry'!$B$6, "MMMM DD, YYY") -> Date: April 17, 2026 | D25: By: Gantry Capital, Inc., a California corporation
D28: ='Data Entry'!$B$7 -> Michael Heagerty
D29: ='Data Entry'!$B$8 -> Principal

Sheet 2025-C12 BMO
B2: Form 10-D Information Report
B4: Pool Name: BMO 2025-C12
B5: ="Reporting Date: " &('Data Entry'!$B$2) -> Reporting Date: 3/1/2026-3/31/2026
B8: Identifying Information for this Report:
B10: Date of Submission: | D10: ='Data Entry'!$B$4 -> 46129
B11: Depositor: | D11: BMO Commercial Mortgage Securities LLC
B12: Trust: | D12: BMO 2025-C12
B13: Pooling and Servicing Agreement: | D13: June 1, 2025, among BMO Commercial Mortgage Securities LLC as Depositor, Trimont LLC as Master Servicer, Rialto Capital Advisors, LLC as Special Servicer, Citibank, N.A. as Certificate Administrator and as Trustee and Pentalpha Surveillance LLC as Operating Advisor and as Asset Representations Reviewer.
B14: Subservicing Agreement | D14: Subservicing Agreement dated as of June 1, 2025, between Trimont LLC, as Master Servicer, and Gantry Capital, Inc., as Subservicer.
B15: Master Servicer: | D15: Trimont LLC
B16: Subservicer: | D16: Gantry Capital, Inc.
B19: Pursuant to Section 10.04 of the Pooling and Servicing agreement dated June 1, 2025 for BMO 2025-C12, Gantry Capital, Inc. as Subservicer certifies to Trimont LLC as Master Servicer during the above-referenced time period that there are no items to report in relation to the Subservicer and to the mortgage loans serviced by Subservicer in relation to the specified pool.
B21: SIGNATURES
B22: Pursuant to the requirements of the Securities Exchange Act of 1934, the registrant has duly caused this report to be signed on its behalf by the undersigned thereunto duly authorized.
B25: ="Date: " & " " &TEXT('Data Entry'!$B$6, "MMMM DD, YYY") -> Date: April 17, 2026 | D25: By: Gantry Capital, Inc., a California corporation
D28: ='Data Entry'!$B$7 -> Michael Heagerty
D29: ='Data Entry'!$B$8 -> Principal

Sheet 2025-5YR15 BANK5
B2: Form 10-D Information Report
B4: Pool Name: BANK5 2025-5YR15
B5: ="Reporting Date: " &('Data Entry'!$B$2) -> Reporting Date: 3/1/2026-3/31/2026
B8: Identifying Information for this Report:
B10: Date of Submission: | D10: ='Data Entry'!$B$4 -> 46129
B11: Depositor: | D11: Morgan Stanley Capital I Inc.
B12: Trust: | D12: BANK5 2025-5YR15
B13: Pooling and Servicing Agreement: | D13: July 1, 2025, among Morgan Stanley Capital I Inc. as Depositor, Trimont LLC as Master Servicer, LNR Partners, LLC as Special Servicer, Computershare Trust Company, N.A. as Certificate Administrator and as Trustee and Park Bridge Lender Services LLC as Operating Advisor and as Asset Representations Reviewer.
B14: Subservicing Agreement | D14: Subservicing Agreement dated as of July 1, 2025, between Trimont LLC, as Master Servicer, and Gantry Capital, Inc., as Subservicer.
B15: Master Servicer: | D15: Trimont LLC
B16: Subservicer: | D16: Gantry Capital, Inc.
B19: Pursuant to Section 11.04 of the Pooling and Servicing agreement dated July 1, 2025 for BANK5 2025-5YR15, Gantry Capital, Inc. as Subservicer certifies to Trimont LLC as Master Servicer during the above-referenced time period that there are no items to report in relation to the Subservicer and to the mortgage loans serviced by Subservicer in relation to the specified pool.
B21: SIGNATURES
B22: Pursuant to the requirements of the Securities Exchange Act of 1934, the registrant has duly caused this report to be signed on its behalf by the undersigned thereunto duly authorized.
B25: ="Date: " & " " &TEXT('Data Entry'!$B$6, "MMMM DD, YYY") -> Date: April 17, 2026 | D25: By: Gantry Capital, Inc., a California corporation
D28: ='Data Entry'!$B$7 -> Michael Heagerty
D29: ='Data Entry'!$B$8 -> Principal

Sheet 2025-5YR18 BANK5
B2: Form 10-D Information Report
B4: Pool Name: BANK5 2025-5YR18
B5: ="Reporting Date: " &('Data Entry'!$B$2) -> Reporting Date: 3/1/2026-3/31/2026
B8: Identifying Information for this Report:
B10: Date of Submission: | D10: ='Data Entry'!$B$4 -> 46129
B11: Depositor: | D11: Wells Fargo Commercial Mortgage Securities, Inc.
B12: Trust: | D12: BANK5 2025-5YR18
B13: Pooling and Servicing Agreement: | D13: December 1, 2025, among Wells Fargo Commercial Mortgage Securities, Inc. as Depositor, Trimont LLC as Master Servicer, K-Star Asset Management LLC as Special Servicer, Computershare Trust Company, N.A. as Certificate Administrator, Deutsche Bank National Trust Company as Trustee, and Park Bridge Lender Services LLC as Operating Advisor and as Asset Representations Reviewer.
B14: Subservicing Agreement | D14: Subservicing Agreement dated as of December 1, 2025, between Trimont LLC, as Master Servicer, and Gantry Capital, Inc., as Subservicer.
B15: Master Servicer: | D15: Trimont LLC
B16: Subservicer: | D16: Gantry Capital, Inc.
B19: Pursuant to Section 11.04 of the Pooling and Servicing agreement dated December 1, 2025 for BANK5 2025-5YR18, Gantry Capital, Inc. as Subservicer certifies to Trimont LLC as Master Servicer during the above-referenced time period that there are no items to report in relation to the Subservicer and to the mortgage loans serviced by Subservicer in relation to the specified pool.
B21: SIGNATURES
B22: Pursuant to the requirements of the Securities Exchange Act of 1934, the registrant has duly caused this report to be signed on its behalf by the undersigned thereunto duly authorized.
B25: ="Date: " & " " &TEXT('Data Entry'!$B$6, "MMMM DD, YYY") -> Date: April 17, 2026 | D25: By: Gantry Capital, Inc., a California corporation
D28: ='Data Entry'!$B$7 -> Michael Heagerty
D29: ='Data Entry'!$B$8 -> Principal

Sheet 2025-5C2 MSBAM
B2: Form 10-D Information Report
B4: Pool Name: MSBAM 2025-5C2
B5: ="Reporting Date: " &('Data Entry'!$B$2) -> Reporting Date: 3/1/2026-3/31/2026
B8: Identifying Information for this Report:
B10: Date of Submission: | D10: ='Data Entry'!$B$4 -> 46129
B11: Depositor: | D11: Morgan Stanley Capital I Inc.
B12: Trust: | D12: MSBAM 2025-5C2
B13: Pooling and Servicing Agreement: | D13: November 1, 2025, among Morgan Stanley Capital I Inc. as Depositor, Trimont LLC as Master Servicer, LNR Partners, LLC as Special Servicer, Computershare Trust Company, N.A. as Certificate Administrator, Deutsche Bank National Trust Company as Trustee and Park Bridge Lender Services LLC as Operating Advisor and as Asset Representations Reviewer.
B14: Subservicing Agreement | D14: Subservicing Agreement dated as of November 1, 2025, between Trimont LLC, as Master Servicer, and Gantry Capital, Inc., as Subservicer.
B15: Master Servicer: | D15: Trimont LLC
B16: Subservicer: | D16: Gantry Capital, Inc.
B19: Pursuant to Section 11.04 of the Pooling and Servicing agreement dated November 1, 2025 for MSBAM 2025-5C2, Gantry Capital, Inc. as Subservicer certifies to Trimont LLC as Master Servicer during the above-referenced time period that there are no items to report in relation to the Subservicer and to the mortgage loans serviced by Subservicer in relation to the specified pool.
B21: SIGNATURES
B22: Pursuant to the requirements of the Securities Exchange Act of 1934, the registrant has duly caused this report to be signed on its behalf by the undersigned thereunto duly authorized.
B25: ="Date: " & " " &TEXT('Data Entry'!$B$6, "MMMM DD, YYY") -> Date: April 17, 2026 | D25: By: Gantry Capital, Inc., a California corporation
D28: ='Data Entry'!$B$7 -> Michael Heagerty
D29: ='Data Entry'!$B$8 -> Principal
